{
    "id": "widget.agcplayer.emby",
    "author": "AGC Player",
    "version": "0.1.2",
    "agcplayer-require": "0.0.2",
    "name": "Emby",
    "type": "video-hub",
    "platform": "all",
    "summary": "This is a video list widget.",
    "description": "This is a video list widget, JavaScript script.",
    "disclaimer": "For demonstration only.",
    "permission":"LOGIN",
    "login-type": "emby",
    "operate": "list",
    "lazy": true,
    "favorites": false,
    "settings": {
        "device": {
            "client": "Emby for Android",
            "device_name": "Pixel 9 Pro",
            "app_version": "3.4.36"
        },
        "headers": {
            "user-agent": "Mozilla/5.0 (Linux; Android 15; Pixel 9 Pro Build/AP4A.250205.002.C1; wv) AppleWebKit/537.36 (KHTML, like Gecko) Version/4.0 Chrome/133.0.6943.121 Mobile Safari/537.36",
            "X-Requested-With": "com.mb.android"
        }
    }
}
