{
    "id": "widget.agcplayer.115",
    "author": "AGC Player",
    "version": "0.0.3",
    "agcplayer-require": "0.0.2",
    "name": "115",
    "type": "library",
    "platform": "all",
    "summary": "This is 115 widget.",
    "description": "This is 115 widget, JavaScript script.",
    "disclaimer": "For demonstration only.",
    "permission":"LOGIN",
    "login-type": "115",
    "settings": {
        "user-agent": "Mozilla/5.0 (Macintosh; Intel Mac OS X 10_15_7) AppleWebKit/537.36 (KHTML, like Gecko) Chrome/131.0.0.0 Safari/537.36",
        "headers": {
            "user-agent": "Mozilla/5.0 (Macintosh; Intel Mac OS X 10_15_7) AppleWebKit/537.36 (KHTML, like Gecko) Chrome/131.0.0.0 Safari/537.36"
        }
    }
}
