{
    "id": "widget.agcplayer.emby",
    "author": "AGC Player",
    "version": "0.1.8",
    "agcplayer-require": "^0.0.3",
    "name": "Emby",
    "type": "video-hub",
    "platform": "all",
    "summary": "This is a video list widget.",
    "description": "This is a video list widget, JavaScript script.",
    "disclaimer": "For demonstration only.",
    "lazy": true,
    "favorites": false,
    "history": false,
    "permission": "LOGIN",
    "settings": {
        "type": "emby",
        "form": [
            {
                "type": "subForm",
                "field": "server",
                "title": "",
                "props": {
                    "rule": [
                        {
                            "type": "input",
                            "field": "host",
                            "title": "服务器地址",
                            "value": "",
                            "required": true,
                            "props": {
                                "placeholder": "请输入服务器地址"
                            }
                        },
                        {
                            "type": "inputNumber",
                            "field": "port",
                            "title": "端口",
                            "value": "8096",
                            "required": false,
                            "props": {
                                "min": 0,
                                "placeholder": "选填"
                            }
                        },
                        {
                            "type": "select",
                            "field": "protocol",
                            "title": "协议",
                            "value": "http",
                            "required": false,
                            "options": [
                                {
                                    "label": "HTTP",
                                    "value": "http"
                                },
                                {
                                    "label": "HTTPS",
                                    "value": "https"
                                }
                            ]
                        },
                        {
                            "type": "input",
                            "field": "username",
                            "title": "用户名",
                            "required": true,
                            "props": {
                                "placeholder": "请输入用户名"
                            }
                        },
                        {
                            "type": "input",
                            "field": "password",
                            "title": "密码",
                            "required": false,
                            "props": {
                                "placeholder": "请输入密码",
                                "type": "password"
                            }
                        }
                    ]
                }
            },
            {
                "type": "subForm",
                "field": "device",
                "title": "设备信息",
                "props": {
                    "collapse": true,
                    "expand": false,
                    "rule": [
                        {
                            "type": "input",
                            "field": "client",
                            "title": "客户端",
                            "value": "Emby for Android",
                            "required": false,
                            "props": {
                                "placeholder": "请输入客户端"
                            }
                        },
                        {
                            "type": "input",
                            "field": "device_name",
                            "title": "设备名",
                            "value": "Pixel 9 Pro",
                            "required": false,
                            "props": {
                                "placeholder": "请输入设备名"
                            }
                        },
                        {
                            "type": "input",
                            "field": "app_version",
                            "title": "版本号",
                            "value": "3.4.36",
                            "required": false,
                            "props": {
                                "placeholder": "请输入版本号"
                            }
                        }
                    ]
                }
            },
            {
                "type": "subForm",
                "field": "headers",
                "title": "自定义请求头",
                "props": {
                    "collapse": true,
                    "expand": false,
                    "rule": [
                        {
                            "type": "input",
                            "field": "ua",
                            "title": "User-Agent",
                            "value": "",
                            "required": false,
                            "props": {
                                "placeholder": "请输入User-Agent",
                                "type": "textarea",
                                "copy": true
                            }
                        },
                        {
                            "type": "input",
                            "field": "X-Requested-With",
                            "title": "X-Requested-With",
                            "value": "com.mb.android",
                            "required": false,
                            "props": {
                                "placeholder": "请输入X-Requested-With"
                            }
                        }
                    ]
                }
            }
        ]
    }
}