{
    "id": "widget.agcplayer.duboku",
    "author": "AGC Player",
    "version": "0.0.1",
    "agcplayer-require": "^0.0.1",
    "name": "独播库",
    "type": "video-hub",
    "platform": "all",
    "summary": "This is a aimoon widget.",
    "description": "This is a aimoon widget, JavaScript script.",
    "disclaimer": "For demonstration only.",
    "settings": {
        "user-agent": "Mozilla/5.0 (Macintosh; Intel Mac OS X 10_15_7) AppleWebKit/537.36 (KHTML, like Gecko) Chrome/131.0.0.0 Safari/537.36"
    }
}
